knob,mode,scenario,frames,gt_max_frame,pred_max_frame,mota,idf1,idp,idr,precision,recall,num_switches,num_false_positives,num_misses,num_fragmentations,num_matches,num_objects,num_detections,idtp,idfp,idfn
ema,ema,ramai,451,451,451,0.42108748436465304,0.503949513102353,0.5833010835913313,0.44360238393054224,0.7849264705882353,0.5969391509086895,167,2223,5478,302,7946,13591,8113,6029,4307,7562
ema,ema,sepi,452,452,452,0.5210951526032316,0.5825403392635499,0.7556350626118068,0.473967684021544,0.9255813953488372,0.5805655296229802,57,208,1869,81,2530,4456,2587,2112,683,2344
ema,ema,sangat-sepi,452,452,452,0.5797733217088056,0.7156343541330877,0.7584187408491947,0.6774193548387096,0.8277208394338702,0.7393199651264167,13,353,598,28,1683,2294,1696,1554,495,740
ema,raw,ramai,451,451,451,0.4207195938488706,0.49296068847391067,0.5702687028803403,0.4341108086233537,0.7845544171660546,0.5972334633213155,170,2229,5474,306,7947,13591,8117,5900,4446,7691
ema,raw,sepi,452,452,452,0.5233393177737882,0.5825296224855332,0.7544610992148465,0.4744165170556553,0.9257673090649536,0.5821364452423698,54,208,1862,82,2540,4456,2594,2114,688,2342
ema,raw,sangat-sepi,452,452,452,0.5767218831734962,0.7154696132596685,0.7580487804878049,0.6774193548387096,0.8258536585365853,0.7380122057541413,13,357,601,28,1680,2294,1693,1554,496,740
ema,frozen,ramai,451,451,451,0.40857920682804794,0.4192746725074765,0.4903448275862069,0.3661982194099036,0.7878817733990148,0.5884040909425355,291,2153,5594,294,7706,13591,7997,4977,5173,8614
ema,frozen,sepi,452,452,452,0.5100987432675045,0.5542801825473656,0.7221621621621621,0.4497307001795332,0.925045045045045,0.5760771992818672,86,208,1889,77,2481,4456,2567,2004,771,2452
ema,frozen,sangat-sepi,452,452,452,0.574106364428945,0.6153491587923484,0.6528117359413202,0.5819529206625981,0.8273838630806846,0.7375762859633828,22,353,602,28,1670,2294,1692,1335,710,959
