experiment,model_family,method,precision,recall,avg_frame_count_error,total_unique_count_error,total_unique_gt,total_unique_pred,total_tp,total_fp,total_fn,gt_path,pred_path
v5-large-vid1,yolov5-strongsort,tracking,0.5911644395964003,0.5312714439760807,1.7447229551451187,34,24,58,10839,7496,9563,/home/kopet/skripsi/dataset/tracker-val/vid1-gt.txt,/home/kopet/skripsi/dataset/tracker-results/iterasi-1/v5-large-it2-vid1-pred.txt
v5-large-vid1,yolov5-strongsort,yolo_only,0.6213460996902281,0.5407313008528576,1.9689973614775726,17731,24,17755,11032,6723,9370,/home/kopet/skripsi/dataset/tracker-val/vid1-gt.txt,/home/kopet/skripsi/dataset/tracker-results/iterasi-1/v5-large-it2-vid1-yoloonly.txt
v5-large-vid2,yolov5-strongsort,tracking,0.5406737880032868,0.3808605054987459,3.436807095343681,13,20,33,1974,1677,3209,/home/kopet/skripsi/dataset/tracker-val/vid2-gt.txt,/home/kopet/skripsi/dataset/tracker-results/iterasi-1/v5-large-it2-vid2-pred.txt
v5-large-vid2,yolov5-strongsort,yolo_only,0.5712209302325582,0.3791240594250434,3.8780487804878048,3420,20,3440,1965,1475,3218,/home/kopet/skripsi/dataset/tracker-val/vid2-gt.txt,/home/kopet/skripsi/dataset/tracker-results/iterasi-1/v5-large-it2-vid2-yoloonly.txt
v5-large-vid3,yolov5-strongsort,tracking,0.5132764920828258,0.4728456014362657,1.4712389380530972,3,20,23,2107,1998,2349,/home/kopet/skripsi/dataset/tracker-val/vid3-gt.txt,/home/kopet/skripsi/dataset/tracker-results/iterasi-1/v5-large-it2-vid3-pred.txt
v5-large-vid3,yolov5-strongsort,yolo_only,0.5499101873235822,0.4809245960502693,1.7234513274336283,3877,20,3897,2143,1754,2313,/home/kopet/skripsi/dataset/tracker-val/vid3-gt.txt,/home/kopet/skripsi/dataset/tracker-results/iterasi-1/v5-large-it2-vid3-yoloonly.txt
v8-medium-vid1,yolov8-strongsort,tracking,0.5575420250744926,0.4860797960984217,2.0811345646437993,38,24,62,9917,7870,10485,/home/kopet/skripsi/dataset/tracker-val/vid1-gt.txt,/home/kopet/skripsi/dataset/tracker-results/iterasi-1/v8-medium-it2-vid1-pred.txt
v8-medium-vid1,yolov8-strongsort,yolo_only,0.5879988348383338,0.49470640133320265,2.354221635883905,17141,24,17165,10093,7072,10309,/home/kopet/skripsi/dataset/tracker-val/vid1-gt.txt,/home/kopet/skripsi/dataset/tracker-results/iterasi-1/v8-medium-it2-vid1-yoloonly.txt
v8-medium-vid2,yolov8-strongsort,tracking,0.5968540635013108,0.39533088944626665,3.964523281596452,4,20,24,2049,1384,3134,/home/kopet/skripsi/dataset/tracker-val/vid2-gt.txt,/home/kopet/skripsi/dataset/tracker-results/iterasi-1/v8-medium-it2-vid2-pred.txt
v8-medium-vid2,yolov8-strongsort,yolo_only,0.6323301272106733,0.3932085664672969,4.407982261640798,3203,20,3223,2038,1185,3145,/home/kopet/skripsi/dataset/tracker-val/vid2-gt.txt,/home/kopet/skripsi/dataset/tracker-results/iterasi-1/v8-medium-it2-vid2-yoloonly.txt
v8-medium-vid3,yolov8-strongsort,tracking,0.5718467269824374,0.48227109515260325,1.8584070796460177,10,20,30,2149,1609,2307,/home/kopet/skripsi/dataset/tracker-val/vid3-gt.txt,/home/kopet/skripsi/dataset/tracker-results/iterasi-1/v8-medium-it2-vid3-pred.txt
v8-medium-vid3,yolov8-strongsort,yolo_only,0.6108017817371938,0.49236983842010773,2.088495575221239,3572,20,3592,2194,1398,2262,/home/kopet/skripsi/dataset/tracker-val/vid3-gt.txt,/home/kopet/skripsi/dataset/tracker-results/iterasi-1/v8-medium-it2-vid3-yoloonly.txt
