det_idx,x1,y1,x2,y2,conf,class
0,1148.391357,386.638733,1256.623169,473.160919,0.90555,4.0
1,690.06073,200.013947,764.614563,282.511475,0.8982,4.0
2,902.358948,140.241669,967.832092,213.111847,0.898025,1.0
3,443.589844,145.012665,497.573608,190.265884,0.893523,4.0
4,999.500183,25.321289,1054.689819,63.149403,0.86984,4.0
5,292.470856,246.007477,330.845673,294.973755,0.843054,2.0
6,649.439148,52.887794,701.962402,93.520241,0.835694,1.0
7,514.341553,304.512726,541.32959,343.546448,0.831021,0.0
8,349.685333,363.553375,396.579987,396.625122,0.827993,0.0
9,846.959717,653.610718,983.594116,757.889465,0.817478,4.0
10,944.367554,846.198975,998.690002,885.874084,0.816947,0.0
11,449.592957,189.716171,491.973053,218.522598,0.810078,2.0
12,265.177826,226.729538,326.87735,279.927216,0.775952,4.0
13,733.449036,146.797134,765.234009,169.436829,0.76801,0.0
14,925.042236,0.99831,946.245422,15.286782,0.767647,2.0
15,448.041382,421.884064,527.024536,522.052856,0.755937,1.0
16,1453.654541,0.0,1491.029541,30.006544,0.738141,1.0
17,0.036194,693.885315,34.463776,817.481567,0.688895,4.0
18,1194.81543,553.288818,1243.075317,598.42627,0.678902,0.0
19,533.01178,431.697205,574.647705,487.954315,0.66181,0.0
20,1195.528198,553.812195,1245.172974,618.176575,0.655224,0.0
21,1204.765015,554.869446,1246.920654,629.78833,0.653113,0.0
22,470.041443,329.576385,500.791962,350.507538,0.630513,0.0
23,999.468811,51.988132,1024.807983,81.859619,0.603697,2.0
24,101.353859,608.44751,145.23584,656.942871,0.591749,0.0
25,448.036469,424.18985,527.651367,518.622559,0.59089,4.0
26,669.678833,87.256363,698.320435,122.03907,0.410114,2.0
27,959.024597,73.724419,983.970886,92.286705,0.404832,0.0
28,711.447998,156.010651,735.274353,177.370285,0.343565,0.0
29,169.634262,536.132935,192.523849,561.352905,0.332514,0.0
30,953.062012,764.179932,1012.000427,808.170654,0.314082,0.0
31,668.211609,854.409729,804.111633,994.105469,0.313048,1.0
32,18.36455,602.508118,41.752731,632.914856,0.303553,0.0
33,73.2714,451.015167,110.387123,482.49939,0.241718,2.0
34,964.257935,73.957176,989.383911,91.877274,0.227176,0.0
35,376.601746,319.437897,401.494598,354.418671,0.142694,0.0
36,61.837452,575.173584,87.809753,609.971375,0.117884,0.0
