dim_idx,value
0,0.0000000000
1,0.0000000000
2,0.0406796224
3,0.0607097186
4,0.0298299622
5,0.0444042422
6,0.0289059803
7,0.1333330870
8,0.1018963829
9,0.0129031437
10,0.0587151498
11,0.0126834931
12,0.0660752058
13,0.0342143662
14,0.0200561918
15,0.0147276139
16,0.0471171029
17,0.0000000000
18,0.0000000000
19,0.0863139555
20,0.0159311742
21,0.0353605822
22,0.0000000000
23,0.0098191407
24,0.0348329730
25,0.0000000000
26,0.0004136184
27,0.0409485996
28,0.0159534644
29,0.0000000000
30,0.0002115530
31,0.0000000000
32,0.0000000000
33,0.0710671917
34,0.0000000000
35,0.0000382938
36,0.0000139502
37,0.0425956659
38,0.0065906295
39,0.0000000108
40,0.0007682572
41,0.0144305117
42,0.0002364435
43,0.0000017778
44,0.0043286043
45,0.0734800994
46,0.0539229475
47,0.0741286501
48,0.0005758209
49,0.0041472083
50,0.0000000000
51,0.0001689558
52,0.0001217053
53,0.0000000000
54,0.1650501490
55,0.0606083386
56,0.0568009578
57,0.0008362529
58,0.0000000000
59,0.0461351909
60,0.0000000000
61,0.0000000000
62,0.0346401818
63,0.0001317356
64,0.0292365570
65,0.0000000000
66,0.0000000000
67,0.0000000000
68,0.1057394072
69,0.0000000000
70,0.0000000000
71,0.0444601029
72,0.0001134710
73,0.0847872719
74,0.0000000000
75,0.0188495815
76,0.0159793571
77,0.0000000000
78,0.0000000000
79,0.0000000000
80,0.0000000000
81,0.0129757132
82,0.0000000000
83,0.0351197608
84,0.0304459203
85,0.0842963606
86,0.0000092647
87,0.0000000000
88,0.0000000000
89,0.0623153187
90,0.0015285633
91,0.0000001476
92,0.1473402530
93,0.0000000000
94,0.0000000000
95,0.0098415529
96,0.0219244845
97,0.0936264768
98,0.0000000000
99,0.0289431587
100,0.0116375219
101,0.0059022619
102,0.0000006729
103,0.0000000000
104,0.0000000000
105,0.0000000000
106,0.0001095630
107,0.0000000000
108,0.0742459670
109,0.0000000000
110,0.0000000000
111,0.0491265208
112,0.0218271017
113,0.0552902445
114,0.0223379713
115,0.0030139887
116,0.0058823382
117,0.0000000000
118,0.0000000000
119,0.0010849858
120,0.0365415625
121,0.0001746603
122,0.0000000000
123,0.0000000000
124,0.0000000000
125,0.0000000000
126,0.0000000000
127,0.0000000000
128,0.0817106739
129,0.0000000000
130,0.0098736892
131,0.0002549530
132,0.0000000000
133,0.0000000000
134,0.0000000000
135,0.0000000000
136,0.0209039394
137,0.0000000000
138,0.0000000000
139,0.0028487772
140,0.0754364654
141,0.0000757833
142,0.0811062455
143,0.0265179779
144,0.0000000000
145,0.0336000361
146,0.0252551306
147,0.0000000000
148,0.0232276097
149,0.0106860381
150,0.0000000000
151,0.0380383618
152,0.0256431904
153,0.0000280353
154,0.0000005426
155,0.0203523096
156,0.0000000000
157,0.0000000000
158,0.0201867111
159,0.1177097484
160,0.0046582012
161,0.0000000000
162,0.0512855351
163,0.0000000000
164,0.0000000000
165,0.0001335161
166,0.0330244564
167,0.1574673206
168,0.0725289136
169,0.0000000000
170,0.0682172403
171,0.0132090561
172,0.0003095877
173,0.0654881895
174,0.0316038691
175,0.0026468036
176,0.0073052901
177,0.0000000000
178,0.0000000000
179,0.0000000000
180,0.0000000000
181,0.0000001445
182,0.0000003133
183,0.0000000000
184,0.0000000000
185,0.0058068512
186,0.0242572743
187,0.0000000000
188,0.0000000000
189,0.0238770023
190,0.0000000000
191,0.0000000000
192,0.0000000000
193,0.0000000000
194,0.0000000000
195,0.0032842688
196,0.0000000000
197,0.0818009526
198,0.0000003752
199,0.0000000000
200,0.0729788840
201,0.0000000000
202,0.0579869114
203,0.0454520956
204,0.0000013730
205,0.0000000000
206,0.0375094749
207,0.0035983173
208,0.0303097051
209,0.0075443657
210,0.0806885511
211,0.0164007097
212,0.0172423758
213,0.0511263609
214,0.0830551684
215,0.0000000000
216,0.0885328650
217,0.0146785332
218,0.0001417307
219,0.0000049650
220,0.0120992931
221,0.0087049184
222,0.0000005215
223,0.0006449717
224,0.1379431039
225,0.1685683429
226,0.0000000000
227,0.0000000000
228,0.0002069999
229,0.0062261592
230,0.0000000000
231,0.0000000000
232,0.0000004099
233,0.0000000000
234,0.0000000000
235,0.0680837855
236,0.0044849673
237,0.0000000000
238,0.0000000000
239,0.0000000000
240,0.0000022789
241,0.0953000560
242,0.0969312713
243,0.0894223228
244,0.0412663780
245,0.0000000000
246,0.0000169334
247,0.1330036074
248,0.0000000000
249,0.1926437914
250,0.0201030541
251,0.0248418655
252,0.0670235530
253,0.0143706584
254,0.0000000931
255,0.0000058960
256,0.0806166232
257,0.0000000000
258,0.0849720687
259,0.0000000000
260,0.0001170786
261,0.0113011431
262,0.0383476466
263,0.0092240442
264,0.1242196113
265,0.0773181096
266,0.1590560973
267,0.0000000000
268,0.0523425080
269,0.0000000000
270,0.0128420182
271,0.0946580395
272,0.0716096461
273,0.0988944173
274,0.0035114873
275,0.0242791250
276,0.0916653574
277,0.0051014656
278,0.0000123417
279,0.2064966112
280,0.0000000000
281,0.0340308696
282,0.0361503214
283,0.0022616272
284,0.0086875083
285,0.0000000000
286,0.0477113463
287,0.0814558566
288,0.0000000000
289,0.1463254243
290,0.0942920297
291,0.0977212489
292,0.0000000000
293,0.0000000000
294,0.0000000000
295,0.0036552199
296,0.0213778894
297,0.0000000000
298,0.0446313024
299,0.0000000000
300,0.0000000000
301,0.0000043800
302,0.0000000000
303,0.0000000000
304,0.0000000000
305,0.0987446979
306,0.0000000000
307,0.0000000000
308,0.0003131569
309,0.0000000000
310,0.0330137685
311,0.0244789571
312,0.0850369632
313,0.0002261441
314,0.0467400365
315,0.0158999115
316,0.0000002946
317,0.0000008251
318,0.0860244036
319,0.0000146270
320,0.0000290415
321,0.0000001310
322,0.0106958058
323,0.0105870981
324,0.0000000000
325,0.0000000000
326,0.0000000000
327,0.0000000000
328,0.0154777113
329,0.0328519307
330,0.0000000000
331,0.0000000000
332,0.0000218064
333,0.0000000000
334,0.0000019641
335,0.0055826479
336,0.0265308432
337,0.0000000000
338,0.0694771484
339,0.0835629106
340,0.0312512368
341,0.0072620464
342,0.0000000524
343,0.0261126626
344,0.0116490070
345,0.0000000000
346,0.0409011953
347,0.0000000000
348,0.0000963446
349,0.0000141545
350,0.0567149334
351,0.0000000000
352,0.0569596440
353,0.0000000000
354,0.0000000000
355,0.0000000000
356,0.1455411911
357,0.0000000000
358,0.0285729971
359,0.0000000000
360,0.0471810624
361,0.0664172173
362,0.1282083243
363,0.0342364945
364,0.0093989763
365,0.0000000000
366,0.0050241910
367,0.0000000000
368,0.0446868688
369,0.0000000000
370,0.0000000000
371,0.0047496720
372,0.0076209451
373,0.0012333138
374,0.0068026721
375,0.0260284301
376,0.0000000000
377,0.0410707891
378,0.0000000000
379,0.0000000000
380,0.0264256578
381,0.0312774032
382,0.0089561911
383,0.0474624112
384,0.0530403405
385,0.0000000000
386,0.0516489185
387,0.0000000000
388,0.0380459689
389,0.0000000000
390,0.0000000000
391,0.0587003529
392,0.0034803406
393,0.0565952882
394,0.0034545292
395,0.0000000000
396,0.0026762402
397,0.0920703709
398,0.0000000000
399,0.0000000000
400,0.0000000000
401,0.0347380899
402,0.0345593095
403,0.0050312718
404,0.0557179302
405,0.0000463094
406,0.0000018569
407,0.0053342092
408,0.0000000000
409,0.0000000000
410,0.0000000000
411,0.0000000000
412,0.0000000000
413,0.0000132982
414,0.0820008293
415,0.0046559339
416,0.0009692885
417,0.0000000000
418,0.0006566138
419,0.0000000000
420,0.0009732282
421,0.0100518614
422,0.0001641415
423,0.0313792005
424,0.0000446808
425,0.0021899624
426,0.0000000000
427,0.0097880941
428,0.0000000000
429,0.0056692581
430,0.1462863982
431,0.0000000000
432,0.0161176305
433,0.1053564250
434,0.0000000000
435,0.0007182246
436,0.0401625074
437,0.0000000000
438,0.0000563249
439,0.0000012256
440,0.0001910998
441,0.0827629939
442,0.0000019555
443,0.0028835211
444,0.0000000000
445,0.0003985597
446,0.0549074188
447,0.0000000324
448,0.0488099530
449,0.0292341579
450,0.0233326517
451,0.0000000000
452,0.0000162819
453,0.1475749314
454,0.0000000000
455,0.0145295700
456,0.0526104942
457,0.0517439209
458,0.0297004916
459,0.0122690741
460,0.0000000000
461,0.0000000000
462,0.0000000000
463,0.0000000000
464,0.0000682468
465,0.0476616621
466,0.0000000000
467,0.0000000000
468,0.0000002456
469,0.1007061973
470,0.0579012074
471,0.0485163778
472,0.0678083226
473,0.0000000000
474,0.0000024492
475,0.0157609023
476,0.0390773267
477,0.0072742552
478,0.0000000000
479,0.0701913312
480,0.0422873348
481,0.0000000000
482,0.1018495634
483,0.0385280438
484,0.0000000000
485,0.0000000000
486,0.0957283676
487,0.0000000000
488,0.0000000000
489,0.0000000000
490,0.1306219101
491,0.0890586525
492,0.0763796940
493,0.0000000000
494,0.0169178192
495,0.1319092959
496,0.0032340183
497,0.0012908430
498,0.0705890134
499,0.0351480246
500,0.0918424800
501,0.0000004329
502,0.0000212442
503,0.0000000000
504,0.0000000000
505,0.0054781875
506,0.0000000000
507,0.0000000000
508,0.0048179990
509,0.0000000000
510,0.0000000000
511,0.0000010402
