det_idx,cx,cy,a,h,d2_mahalanobis,threshold,pass_gate
0,1202.5073,429.8998,1.2509,86.5222,0.213403,9.4877,YES
1,727.3376,241.2627,0.9037,82.4975,6431.864531,9.4877,NO
2,935.0955,176.6768,0.8985,72.8702,3352.416420,9.4877,NO
3,470.5817,167.6393,1.1929,45.2532,14911.206860,9.4877,NO
4,1027.0950,44.2353,1.4590,37.8281,4496.423850,9.4877,NO
5,311.6583,270.4906,0.7837,48.9663,20196.364899,9.4877,NO
6,675.7008,73.2040,1.2926,40.6324,10014.480905,9.4877,NO
7,527.8356,324.0296,0.6914,39.0337,11544.042944,9.4877,NO
8,373.1327,380.0892,1.4180,33.0717,17045.582600,9.4877,NO
9,915.2769,705.7501,1.3103,104.2787,3888.753118,9.4877,NO
10,971.5288,866.0365,1.3692,39.6751,6029.895984,9.4877,NO
11,470.7830,204.1194,1.4712,28.8064,14510.710293,9.4877,NO
12,296.0276,253.3284,1.1598,53.1977,21005.530606,9.4877,NO
13,749.3415,158.1170,1.4039,22.6397,6973.038745,9.4877,NO
14,935.6438,8.1425,1.4839,14.2885,6279.926721,9.4877,NO
15,487.5330,471.9685,0.7885,100.1688,12621.601031,9.4877,NO
16,1472.3420,15.0033,1.2456,30.0065,6152.991501,9.4877,NO
17,17.2500,755.6834,0.2785,123.5963,37280.543020,9.4877,NO
18,1218.9454,575.8575,1.0692,45.1375,572.226231,9.4877,NO
19,553.8297,459.8258,0.7401,56.2571,10399.459030,9.4877,NO
20,1220.3506,585.9944,0.7713,64.3644,634.996039,9.4877,NO
21,1225.8428,592.3289,0.5627,74.9189,703.678148,9.4877,NO
22,485.4167,340.0420,1.4691,20.9312,12949.698120,9.4877,NO
23,1012.1384,66.9239,0.8483,29.8715,4238.601084,9.4877,NO
24,123.2948,632.6952,0.9049,48.4954,29697.219136,9.4877,NO
25,487.8439,471.4062,0.8431,94.4327,12602.384592,9.4877,NO
26,683.9996,104.6477,0.8234,34.7827,9299.673620,9.4877,NO
27,971.4977,83.0056,1.3439,18.5623,4399.926619,9.4877,NO
28,723.3612,166.6905,1.1155,21.3596,7456.524236,9.4877,NO
29,181.0791,548.7429,0.9076,25.2200,26103.755886,9.4877,NO
30,982.5312,786.1753,1.3398,43.9907,4341.084788,9.4877,NO
31,736.1616,924.2576,0.9728,139.6957,11410.498771,9.4877,NO
32,30.0586,617.7115,0.7692,30.4067,34775.692386,9.4877,NO
33,91.8293,466.7573,1.1789,31.4842,30450.881304,9.4877,NO
34,976.8209,82.9172,1.4021,17.9201,4345.862423,9.4877,NO
35,389.0482,336.9283,0.7116,34.9808,16571.190887,9.4877,NO
36,74.8236,592.5725,0.7464,34.7978,32014.227606,9.4877,NO
