det_idx,cos_sim,appearance_cost (1-cos),maha_norm,fused_cost,selected
0,1.00000012,-0.00000012,0.02249263,0.00011234,MATCH
1,0.64921200,0.35078800,677.91609460,3.73861454,
2,0.48677194,0.51322806,353.34342570,2.27737903,
3,0.57952094,0.42047906,1571.63557658,8.27655454,
4,0.71317959,0.28682041,473.92137720,2.65499321,
5,0.47641322,0.52358675,2128.68923959,11.16441499,
6,0.48719546,0.51280451,1055.52250862,5.78785304,
7,0.52380431,0.47619569,1216.73777035,6.55750358,
8,0.45001990,0.54998010,1796.59797423,9.53022006,
9,0.86863220,0.13136780,409.87311127,2.18007652,
10,0.48300260,0.51699740,635.54876144,3.69215621,
11,0.42098022,0.57901978,1529.42338955,8.22324162,
12,0.69712967,0.30287033,2213.97499988,11.37123099,
13,0.44560134,0.55439866,734.95565261,4.22640495,
14,0.48971292,0.51028705,661.90190678,3.81724514,
15,0.45258069,0.54741931,1330.31198619,7.19624214,
16,0.53229314,0.46770686,648.52298251,3.70798324,
17,0.56069815,0.43930185,3929.35516720,20.08388116,
18,0.54638469,0.45361531,60.31242883,0.75290938,
19,0.55109203,0.44890797,1096.09905772,5.92715873,
20,0.54828650,0.45171350,66.92834290,0.78409665,
21,0.49785501,0.50214499,74.16741125,0.87047132,
22,0.50505096,0.49494904,1364.89329548,7.31694077,
23,0.54297376,0.45702624,446.74695487,2.68847589,
24,0.50413871,0.49586129,3130.07569123,16.14376043,
25,0.47027659,0.52972341,1328.28658070,7.16850772,
26,0.41956490,0.58043510,980.18209046,5.47844340,
27,0.53646445,0.46353555,463.75060540,2.77997091,
28,0.48006785,0.51993215,785.91484094,4.44690670,
29,0.45742768,0.54257232,2751.32602063,14.29648958,
30,0.42801869,0.57198131,457.54869867,2.85686491,
31,0.41618949,0.58381051,1202.66226497,6.59420276,
32,0.46448988,0.53551012,3665.34485556,18.85955684,
33,0.44009393,0.55990607,3209.51139934,16.60466355,
34,0.49872595,0.50127405,458.05225956,2.78902897,
35,0.40973222,0.59026778,1746.59726666,9.32030279,
36,0.46387750,0.53612250,3374.28750978,17.40487945,
