dim_idx,f_prev,f_new,0.9*f_prev + 0.1*f_new (pre-norm),f_smooth (post L2-norm)
0,0.0000000000,0.0000000000,0.0000000000,0.0000000000
1,0.0000000000,0.0000000000,0.0000000000,0.0000000000
2,0.0406796262,0.0406796224,0.0406796224,0.0406796230
3,0.0607097223,0.0607097186,0.0607097186,0.0607097177
4,0.0298299640,0.0298299622,0.0298299640,0.0298299618
5,0.0444042459,0.0444042422,0.0444042422,0.0444042425
6,0.0289059822,0.0289059803,0.0289059822,0.0289059800
7,0.1333331019,0.1333330870,0.1333331019,0.1333330911
8,0.1018963903,0.1018963829,0.1018963829,0.1018963825
9,0.0129031446,0.0129031437,0.0129031446,0.0129031436
10,0.0587151535,0.0587151498,0.0587151535,0.0587151490
11,0.0126834940,0.0126834931,0.0126834940,0.0126834930
12,0.0660752133,0.0660752058,0.0660752133,0.0660752079
13,0.0342143700,0.0342143662,0.0342143700,0.0342143672
14,0.0200561937,0.0200561918,0.0200561937,0.0200561921
15,0.0147276148,0.0147276139,0.0147276148,0.0147276137
16,0.0471171066,0.0471171029,0.0471171029,0.0471171030
17,0.0000000000,0.0000000000,0.0000000000,0.0000000000
18,0.0000000000,0.0000000000,0.0000000000,0.0000000000
19,0.0863139629,0.0863139555,0.0863139555,0.0863139562
20,0.0159311760,0.0159311742,0.0159311760,0.0159311747
21,0.0353605859,0.0353605822,0.0353605822,0.0353605831
22,0.0000000000,0.0000000000,0.0000000000,0.0000000000
23,0.0098191416,0.0098191407,0.0098191407,0.0098191408
24,0.0348329768,0.0348329730,0.0348329768,0.0348329740
25,0.0000000000,0.0000000000,0.0000000000,0.0000000000
26,0.0004136184,0.0004136184,0.0004136184,0.0004136184
27,0.0409486033,0.0409485996,0.0409486033,0.0409486001
28,0.0159534663,0.0159534644,0.0159534663,0.0159534650
29,0.0000000000,0.0000000000,0.0000000000,0.0000000000
30,0.0002115530,0.0002115530,0.0002115530,0.0002115530
31,0.0000000000,0.0000000000,0.0000000000,0.0000000000
32,0.0000000000,0.0000000000,0.0000000000,0.0000000000
33,0.0710671991,0.0710671917,0.0710671991,0.0710671934
34,0.0000000000,0.0000000000,0.0000000000,0.0000000000
35,0.0000382938,0.0000382938,0.0000382938,0.0000382938
36,0.0000139502,0.0000139502,0.0000139502,0.0000139502
37,0.0425956696,0.0425956659,0.0425956696,0.0425956663
38,0.0065906299,0.0065906295,0.0065906299,0.0065906294
39,0.0000000108,0.0000000108,0.0000000108,0.0000000108
40,0.0007682572,0.0007682572,0.0007682572,0.0007682572
41,0.0144305127,0.0144305117,0.0144305117,0.0144305116
42,0.0002364435,0.0002364435,0.0002364435,0.0002364435
43,0.0000017778,0.0000017778,0.0000017778,0.0000017778
44,0.0043286048,0.0043286043,0.0043286048,0.0043286044
45,0.0734801069,0.0734800994,0.0734800994,0.0734801010
46,0.0539229512,0.0539229475,0.0539229475,0.0539229471
47,0.0741286576,0.0741286501,0.0741286576,0.0741286517
48,0.0005758210,0.0005758209,0.0005758210,0.0005758209
49,0.0041472088,0.0041472083,0.0041472088,0.0041472084
50,0.0000000000,0.0000000000,0.0000000000,0.0000000000
51,0.0001689559,0.0001689558,0.0001689559,0.0001689558
52,0.0001217053,0.0001217053,0.0001217053,0.0001217053
53,0.0000000000,0.0000000000,0.0000000000,0.0000000000
54,0.1650501639,0.1650501490,0.1650501639,0.1650501509
55,0.0606083423,0.0606083386,0.0606083423,0.0606083377
56,0.0568009615,0.0568009578,0.0568009578,0.0568009572
57,0.0008362530,0.0008362529,0.0008362530,0.0008362529
58,0.0000000000,0.0000000000,0.0000000000,0.0000000000
59,0.0461351946,0.0461351909,0.0461351946,0.0461351910
60,0.0000000000,0.0000000000,0.0000000000,0.0000000000
61,0.0000000000,0.0000000000,0.0000000000,0.0000000000
62,0.0346401855,0.0346401818,0.0346401855,0.0346401828
63,0.0001317356,0.0001317356,0.0001317356,0.0001317356
64,0.0292365588,0.0292365570,0.0292365588,0.0292365566
65,0.0000000000,0.0000000000,0.0000000000,0.0000000000
66,0.0000000000,0.0000000000,0.0000000000,0.0000000000
67,0.0000000000,0.0000000000,0.0000000000,0.0000000000
68,0.1057394147,0.1057394072,0.1057394072,0.1057394066
69,0.0000000000,0.0000000000,0.0000000000,0.0000000000
70,0.0000000000,0.0000000000,0.0000000000,0.0000000000
71,0.0444601066,0.0444601029,0.0444601066,0.0444601032
72,0.0001134710,0.0001134710,0.0001134710,0.0001134710
73,0.0847872794,0.0847872719,0.0847872794,0.0847872727
74,0.0000000000,0.0000000000,0.0000000000,0.0000000000
75,0.0188495833,0.0188495815,0.0188495815,0.0188495818
76,0.0159793589,0.0159793571,0.0159793589,0.0159793576
77,0.0000000000,0.0000000000,0.0000000000,0.0000000000
78,0.0000000000,0.0000000000,0.0000000000,0.0000000000
79,0.0000000000,0.0000000000,0.0000000000,0.0000000000
80,0.0000000000,0.0000000000,0.0000000000,0.0000000000
81,0.0129757142,0.0129757132,0.0129757142,0.0129757132
82,0.0000000000,0.0000000000,0.0000000000,0.0000000000
83,0.0351197645,0.0351197608,0.0351197645,0.0351197617
84,0.0304459222,0.0304459203,0.0304459222,0.0304459199
85,0.0842963681,0.0842963606,0.0842963681,0.0842963615
86,0.0000092647,0.0000092647,0.0000092647,0.0000092647
87,0.0000000000,0.0000000000,0.0000000000,0.0000000000
88,0.0000000000,0.0000000000,0.0000000000,0.0000000000
89,0.0623153225,0.0623153187,0.0623153187,0.0623153178
90,0.0015285634,0.0015285633,0.0015285634,0.0015285633
91,0.0000001476,0.0000001476,0.0000001476,0.0000001476
92,0.1473402679,0.1473402530,0.1473402679,0.1473402562
93,0.0000000000,0.0000000000,0.0000000000,0.0000000000
94,0.0000000000,0.0000000000,0.0000000000,0.0000000000
95,0.0098415539,0.0098415529,0.0098415539,0.0098415531
96,0.0219244864,0.0219244845,0.0219244864,0.0219244847
97,0.0936264843,0.0936264768,0.0936264768,0.0936264770
98,0.0000000000,0.0000000000,0.0000000000,0.0000000000
99,0.0289431605,0.0289431587,0.0289431605,0.0289431583
100,0.0116375228,0.0116375219,0.0116375219,0.0116375219
101,0.0059022624,0.0059022619,0.0059022619,0.0059022619
102,0.0000006730,0.0000006729,0.0000006730,0.0000006729
103,0.0000000000,0.0000000000,0.0000000000,0.0000000000
104,0.0000000000,0.0000000000,0.0000000000,0.0000000000
105,0.0000000000,0.0000000000,0.0000000000,0.0000000000
106,0.0001095630,0.0001095630,0.0001095630,0.0001095630
107,0.0000000000,0.0000000000,0.0000000000,0.0000000000
108,0.0742459744,0.0742459670,0.0742459744,0.0742459685
109,0.0000000000,0.0000000000,0.0000000000,0.0000000000
110,0.0000000000,0.0000000000,0.0000000000,0.0000000000
111,0.0491265245,0.0491265208,0.0491265245,0.0491265207
112,0.0218271036,0.0218271017,0.0218271036,0.0218271019
113,0.0552902482,0.0552902445,0.0552902445,0.0552902440
114,0.0223379731,0.0223379713,0.0223379731,0.0223379714
115,0.0030139890,0.0030139887,0.0030139887,0.0030139887
116,0.0058823386,0.0058823382,0.0058823386,0.0058823382
117,0.0000000000,0.0000000000,0.0000000000,0.0000000000
118,0.0000000000,0.0000000000,0.0000000000,0.0000000000
119,0.0010849859,0.0010849858,0.0010849859,0.0010849858
120,0.0365415663,0.0365415625,0.0365415663,0.0365415633
121,0.0001746603,0.0001746603,0.0001746603,0.0001746603
122,0.0000000000,0.0000000000,0.0000000000,0.0000000000
123,0.0000000000,0.0000000000,0.0000000000,0.0000000000
124,0.0000000000,0.0000000000,0.0000000000,0.0000000000
125,0.0000000000,0.0000000000,0.0000000000,0.0000000000
126,0.0000000000,0.0000000000,0.0000000000,0.0000000000
127,0.0000000000,0.0000000000,0.0000000000,0.0000000000
128,0.0817106813,0.0817106739,0.0817106813,0.0817106749
129,0.0000000000,0.0000000000,0.0000000000,0.0000000000
130,0.0098736901,0.0098736892,0.0098736892,0.0098736893
131,0.0002549531,0.0002549530,0.0002549531,0.0002549531
132,0.0000000000,0.0000000000,0.0000000000,0.0000000000
133,0.0000000000,0.0000000000,0.0000000000,0.0000000000
134,0.0000000000,0.0000000000,0.0000000000,0.0000000000
135,0.0000000000,0.0000000000,0.0000000000,0.0000000000
136,0.0209039412,0.0209039394,0.0209039412,0.0209039396
137,0.0000000000,0.0000000000,0.0000000000,0.0000000000
138,0.0000000000,0.0000000000,0.0000000000,0.0000000000
139,0.0028487775,0.0028487772,0.0028487775,0.0028487772
140,0.0754364729,0.0754364654,0.0754364729,0.0754364669
141,0.0000757833,0.0000757833,0.0000757833,0.0000757833
142,0.0811062530,0.0811062455,0.0811062530,0.0811062466
143,0.0265179798,0.0265179779,0.0265179779,0.0265179778
144,0.0000000000,0.0000000000,0.0000000000,0.0000000000
145,0.0336000398,0.0336000361,0.0336000398,0.0336000371
146,0.0252551325,0.0252551306,0.0252551325,0.0252551305
147,0.0000000000,0.0000000000,0.0000000000,0.0000000000
148,0.0232276116,0.0232276097,0.0232276116,0.0232276098
149,0.0106860390,0.0106860381,0.0106860390,0.0106860382
150,0.0000000000,0.0000000000,0.0000000000,0.0000000000
151,0.0380383655,0.0380383618,0.0380383655,0.0380383625
152,0.0256431922,0.0256431904,0.0256431904,0.0256431903
153,0.0000280353,0.0000280353,0.0000280353,0.0000280353
154,0.0000005426,0.0000005426,0.0000005426,0.0000005426
155,0.0203523114,0.0203523096,0.0203523096,0.0203523098
156,0.0000000000,0.0000000000,0.0000000000,0.0000000000
157,0.0000000000,0.0000000000,0.0000000000,0.0000000000
158,0.0201867130,0.0201867111,0.0201867130,0.0201867114
159,0.1177097559,0.1177097484,0.1177097559,0.1177097470
160,0.0046582017,0.0046582012,0.0046582017,0.0046582013
161,0.0000000000,0.0000000000,0.0000000000,0.0000000000
162,0.0512855388,0.0512855351,0.0512855388,0.0512855349
163,0.0000000000,0.0000000000,0.0000000000,0.0000000000
164,0.0000000000,0.0000000000,0.0000000000,0.0000000000
165,0.0001335161,0.0001335161,0.0001335161,0.0001335161
166,0.0330244601,0.0330244564,0.0330244601,0.0330244574
167,0.1574673355,0.1574673206,0.1574673206,0.1574673230
168,0.0725289211,0.0725289136,0.0725289211,0.0725289153
169,0.0000000000,0.0000000000,0.0000000000,0.0000000000
170,0.0682172477,0.0682172403,0.0682172477,0.0682172422
171,0.0132090570,0.0132090561,0.0132090570,0.0132090560
172,0.0003095877,0.0003095877,0.0003095877,0.0003095877
173,0.0654881969,0.0654881895,0.0654881969,0.0654881916
174,0.0316038728,0.0316038691,0.0316038728,0.0316038702
175,0.0026468039,0.0026468036,0.0026468039,0.0026468036
176,0.0073052905,0.0073052901,0.0073052901,0.0073052900
177,0.0000000000,0.0000000000,0.0000000000,0.0000000000
178,0.0000000000,0.0000000000,0.0000000000,0.0000000000
179,0.0000000000,0.0000000000,0.0000000000,0.0000000000
180,0.0000000000,0.0000000000,0.0000000000,0.0000000000
181,0.0000001445,0.0000001445,0.0000001445,0.0000001445
182,0.0000003133,0.0000003133,0.0000003133,0.0000003133
183,0.0000000000,0.0000000000,0.0000000000,0.0000000000
184,0.0000000000,0.0000000000,0.0000000000,0.0000000000
185,0.0058068517,0.0058068512,0.0058068517,0.0058068512
186,0.0242572762,0.0242572743,0.0242572762,0.0242572743
187,0.0000000000,0.0000000000,0.0000000000,0.0000000000
188,0.0000000000,0.0000000000,0.0000000000,0.0000000000
189,0.0238770042,0.0238770023,0.0238770042,0.0238770023
190,0.0000000000,0.0000000000,0.0000000000,0.0000000000
191,0.0000000000,0.0000000000,0.0000000000,0.0000000000
192,0.0000000000,0.0000000000,0.0000000000,0.0000000000
193,0.0000000000,0.0000000000,0.0000000000,0.0000000000
194,0.0000000000,0.0000000000,0.0000000000,0.0000000000
195,0.0032842690,0.0032842688,0.0032842690,0.0032842688
196,0.0000000000,0.0000000000,0.0000000000,0.0000000000
197,0.0818009600,0.0818009526,0.0818009600,0.0818009536
198,0.0000003752,0.0000003752,0.0000003752,0.0000003752
199,0.0000000000,0.0000000000,0.0000000000,0.0000000000
200,0.0729788914,0.0729788840,0.0729788914,0.0729788856
201,0.0000000000,0.0000000000,0.0000000000,0.0000000000
202,0.0579869151,0.0579869114,0.0579869114,0.0579869107
203,0.0454520993,0.0454520956,0.0454520956,0.0454520958
204,0.0000013730,0.0000013730,0.0000013730,0.0000013730
205,0.0000000000,0.0000000000,0.0000000000,0.0000000000
206,0.0375094786,0.0375094749,0.0375094749,0.0375094756
207,0.0035983175,0.0035983173,0.0035983175,0.0035983172
208,0.0303097069,0.0303097051,0.0303097069,0.0303097046
209,0.0075443662,0.0075443657,0.0075443657,0.0075443656
210,0.0806885585,0.0806885511,0.0806885511,0.0806885522
211,0.0164007116,0.0164007097,0.0164007116,0.0164007103
212,0.0172423776,0.0172423758,0.0172423776,0.0172423762
213,0.0511263646,0.0511263609,0.0511263646,0.0511263607
214,0.0830551758,0.0830551684,0.0830551758,0.0830551693
215,0.0000000000,0.0000000000,0.0000000000,0.0000000000
216,0.0885328725,0.0885328650,0.0885328725,0.0885328656
217,0.0146785341,0.0146785332,0.0146785341,0.0146785330
218,0.0001417307,0.0001417307,0.0001417307,0.0001417307
219,0.0000049650,0.0000049650,0.0000049650,0.0000049650
220,0.0120992940,0.0120992931,0.0120992940,0.0120992931
221,0.0087049194,0.0087049184,0.0087049194,0.0087049187
222,0.0000005215,0.0000005215,0.0000005215,0.0000005215
223,0.0006449717,0.0006449717,0.0006449717,0.0006449717
224,0.1379431188,0.1379431039,0.1379431188,0.1379431077
225,0.1685683578,0.1685683429,0.1685683578,0.1685683446
226,0.0000000000,0.0000000000,0.0000000000,0.0000000000
227,0.0000000000,0.0000000000,0.0000000000,0.0000000000
228,0.0002070000,0.0002069999,0.0002070000,0.0002069999
229,0.0062261596,0.0062261592,0.0062261596,0.0062261592
230,0.0000000000,0.0000000000,0.0000000000,0.0000000000
231,0.0000000000,0.0000000000,0.0000000000,0.0000000000
232,0.0000004099,0.0000004099,0.0000004099,0.0000004099
233,0.0000000000,0.0000000000,0.0000000000,0.0000000000
234,0.0000000000,0.0000000000,0.0000000000,0.0000000000
235,0.0680837929,0.0680837855,0.0680837929,0.0680837874
236,0.0044849678,0.0044849673,0.0044849673,0.0044849674
237,0.0000000000,0.0000000000,0.0000000000,0.0000000000
238,0.0000000000,0.0000000000,0.0000000000,0.0000000000
239,0.0000000000,0.0000000000,0.0000000000,0.0000000000
240,0.0000022789,0.0000022789,0.0000022789,0.0000022789
241,0.0953000635,0.0953000560,0.0953000635,0.0953000561
242,0.0969312787,0.0969312713,0.0969312787,0.0969312712
243,0.0894223303,0.0894223228,0.0894223303,0.0894223233
244,0.0412663817,0.0412663780,0.0412663817,0.0412663785
245,0.0000000000,0.0000000000,0.0000000000,0.0000000000
246,0.0000169334,0.0000169334,0.0000169334,0.0000169334
247,0.1330036223,0.1330036074,0.1330036223,0.1330036116
248,0.0000000000,0.0000000000,0.0000000000,0.0000000000
249,0.1926438063,0.1926437914,0.1926438063,0.1926437915
250,0.0201030560,0.0201030541,0.0201030560,0.0201030544
251,0.0248418674,0.0248418655,0.0248418674,0.0248418655
252,0.0670235604,0.0670235530,0.0670235604,0.0670235550
253,0.0143706594,0.0143706584,0.0143706594,0.0143706583
254,0.0000000931,0.0000000931,0.0000000931,0.0000000931
255,0.0000058960,0.0000058960,0.0000058960,0.0000058960
256,0.0806166306,0.0806166232,0.0806166306,0.0806166243
257,0.0000000000,0.0000000000,0.0000000000,0.0000000000
258,0.0849720761,0.0849720687,0.0849720761,0.0849720695
259,0.0000000000,0.0000000000,0.0000000000,0.0000000000
260,0.0001170786,0.0001170786,0.0001170786,0.0001170786
261,0.0113011440,0.0113011431,0.0113011440,0.0113011431
262,0.0383476503,0.0383476466,0.0383476503,0.0383476473
263,0.0092240451,0.0092240442,0.0092240442,0.0092240444
264,0.1242196187,0.1242196113,0.1242196113,0.1242196094
265,0.0773181170,0.0773181096,0.0773181170,0.0773181109
266,0.1590561122,0.1590560973,0.1590560973,0.1590560996
267,0.0000000000,0.0000000000,0.0000000000,0.0000000000
268,0.0523425117,0.0523425080,0.0523425117,0.0523425077
269,0.0000000000,0.0000000000,0.0000000000,0.0000000000
270,0.0128420191,0.0128420182,0.0128420182,0.0128420181
271,0.0946580470,0.0946580395,0.0946580470,0.0946580396
272,0.0716096535,0.0716096461,0.0716096461,0.0716096478
273,0.0988944247,0.0988944173,0.0988944173,0.0988944171
274,0.0035114875,0.0035114873,0.0035114873,0.0035114872
275,0.0242791269,0.0242791250,0.0242791269,0.0242791250
276,0.0916653648,0.0916653574,0.0916653648,0.0916653577
277,0.0051014661,0.0051014656,0.0051014656,0.0051014657
278,0.0000123417,0.0000123417,0.0000123417,0.0000123417
279,0.2064966261,0.2064966112,0.2064966112,0.2064966103
280,0.0000000000,0.0000000000,0.0000000000,0.0000000000
281,0.0340308733,0.0340308696,0.0340308733,0.0340308706
282,0.0361503251,0.0361503214,0.0361503251,0.0361503222
283,0.0022616275,0.0022616272,0.0022616275,0.0022616273
284,0.0086875092,0.0086875083,0.0086875092,0.0086875085
285,0.0000000000,0.0000000000,0.0000000000,0.0000000000
286,0.0477113500,0.0477113463,0.0477113500,0.0477113463
287,0.0814558640,0.0814558566,0.0814558640,0.0814558576
288,0.0000000000,0.0000000000,0.0000000000,0.0000000000
289,0.1463254392,0.1463254243,0.1463254243,0.1463254275
290,0.0942920372,0.0942920297,0.0942920297,0.0942920299
291,0.0977212563,0.0977212489,0.0977212489,0.0977212488
292,0.0000000000,0.0000000000,0.0000000000,0.0000000000
293,0.0000000000,0.0000000000,0.0000000000,0.0000000000
294,0.0000000000,0.0000000000,0.0000000000,0.0000000000
295,0.0036552201,0.0036552199,0.0036552201,0.0036552199
296,0.0213778913,0.0213778894,0.0213778913,0.0213778896
297,0.0000000000,0.0000000000,0.0000000000,0.0000000000
298,0.0446313061,0.0446313024,0.0446313024,0.0446313026
299,0.0000000000,0.0000000000,0.0000000000,0.0000000000
300,0.0000000000,0.0000000000,0.0000000000,0.0000000000
301,0.0000043800,0.0000043800,0.0000043800,0.0000043800
302,0.0000000000,0.0000000000,0.0000000000,0.0000000000
303,0.0000000000,0.0000000000,0.0000000000,0.0000000000
304,0.0000000000,0.0000000000,0.0000000000,0.0000000000
305,0.0987447053,0.0987446979,0.0987447053,0.0987446977
306,0.0000000000,0.0000000000,0.0000000000,0.0000000000
307,0.0000000000,0.0000000000,0.0000000000,0.0000000000
308,0.0003131570,0.0003131569,0.0003131570,0.0003131569
309,0.0000000000,0.0000000000,0.0000000000,0.0000000000
310,0.0330137722,0.0330137685,0.0330137722,0.0330137696
311,0.0244789589,0.0244789571,0.0244789589,0.0244789570
312,0.0850369707,0.0850369632,0.0850369707,0.0850369640
313,0.0002261441,0.0002261441,0.0002261441,0.0002261441
314,0.0467400402,0.0467400365,0.0467400365,0.0467400366
315,0.0158999134,0.0158999115,0.0158999134,0.0158999121
316,0.0000002946,0.0000002946,0.0000002946,0.0000002946
317,0.0000008251,0.0000008251,0.0000008251,0.0000008251
318,0.0860244110,0.0860244036,0.0860244110,0.0860244043
319,0.0000146270,0.0000146270,0.0000146270,0.0000146270
320,0.0000290415,0.0000290415,0.0000290415,0.0000290415
321,0.0000001310,0.0000001310,0.0000001310,0.0000001310
322,0.0106958067,0.0106958058,0.0106958058,0.0106958059
323,0.0105870990,0.0105870981,0.0105870990,0.0105870982
324,0.0000000000,0.0000000000,0.0000000000,0.0000000000
325,0.0000000000,0.0000000000,0.0000000000,0.0000000000
326,0.0000000000,0.0000000000,0.0000000000,0.0000000000
327,0.0000000000,0.0000000000,0.0000000000,0.0000000000
328,0.0154777123,0.0154777113,0.0154777123,0.0154777111
329,0.0328519344,0.0328519307,0.0328519344,0.0328519318
330,0.0000000000,0.0000000000,0.0000000000,0.0000000000
331,0.0000000000,0.0000000000,0.0000000000,0.0000000000
332,0.0000218064,0.0000218064,0.0000218064,0.0000218064
333,0.0000000000,0.0000000000,0.0000000000,0.0000000000
334,0.0000019641,0.0000019641,0.0000019641,0.0000019641
335,0.0055826483,0.0055826479,0.0055826483,0.0055826479
336,0.0265308451,0.0265308432,0.0265308451,0.0265308431
337,0.0000000000,0.0000000000,0.0000000000,0.0000000000
338,0.0694771558,0.0694771484,0.0694771558,0.0694771502
339,0.0835629180,0.0835629106,0.0835629106,0.0835629115
340,0.0312512405,0.0312512368,0.0312512405,0.0312512380
341,0.0072620469,0.0072620464,0.0072620469,0.0072620464
342,0.0000000524,0.0000000524,0.0000000524,0.0000000524
343,0.0261126645,0.0261126626,0.0261126645,0.0261126625
344,0.0116490079,0.0116490070,0.0116490079,0.0116490070
345,0.0000000000,0.0000000000,0.0000000000,0.0000000000
346,0.0409011990,0.0409011953,0.0409011990,0.0409011958
347,0.0000000000,0.0000000000,0.0000000000,0.0000000000
348,0.0000963446,0.0000963446,0.0000963446,0.0000963446
349,0.0000141545,0.0000141545,0.0000141545,0.0000141545
350,0.0567149371,0.0567149334,0.0567149371,0.0567149328
351,0.0000000000,0.0000000000,0.0000000000,0.0000000000
352,0.0569596477,0.0569596440,0.0569596477,0.0569596434
353,0.0000000000,0.0000000000,0.0000000000,0.0000000000
354,0.0000000000,0.0000000000,0.0000000000,0.0000000000
355,0.0000000000,0.0000000000,0.0000000000,0.0000000000
356,0.1455412060,0.1455411911,0.1455411911,0.1455411944
357,0.0000000000,0.0000000000,0.0000000000,0.0000000000
358,0.0285729989,0.0285729971,0.0285729971,0.0285729968
359,0.0000000000,0.0000000000,0.0000000000,0.0000000000
360,0.0471810661,0.0471810624,0.0471810661,0.0471810625
361,0.0664172247,0.0664172173,0.0664172247,0.0664172193
362,0.1282083392,0.1282083243,0.1282083392,0.1282083288
363,0.0342364982,0.0342364945,0.0342364982,0.0342364954
364,0.0093989773,0.0093989763,0.0093989763,0.0093989765
365,0.0000000000,0.0000000000,0.0000000000,0.0000000000
366,0.0050241915,0.0050241910,0.0050241915,0.0050241911
367,0.0000000000,0.0000000000,0.0000000000,0.0000000000
368,0.0446868725,0.0446868688,0.0446868725,0.0446868690
369,0.0000000000,0.0000000000,0.0000000000,0.0000000000
370,0.0000000000,0.0000000000,0.0000000000,0.0000000000
371,0.0047496725,0.0047496720,0.0047496720,0.0047496721
372,0.0076209456,0.0076209451,0.0076209456,0.0076209450
373,0.0012333139,0.0012333138,0.0012333139,0.0012333138
374,0.0068026725,0.0068026721,0.0068026725,0.0068026720
375,0.0260284320,0.0260284301,0.0260284320,0.0260284300
376,0.0000000000,0.0000000000,0.0000000000,0.0000000000
377,0.0410707928,0.0410707891,0.0410707928,0.0410707896
378,0.0000000000,0.0000000000,0.0000000000,0.0000000000
379,0.0000000000,0.0000000000,0.0000000000,0.0000000000
380,0.0264256597,0.0264256578,0.0264256597,0.0264256576
381,0.0312774070,0.0312774032,0.0312774070,0.0312774044
382,0.0089561921,0.0089561911,0.0089561921,0.0089561913
383,0.0474624150,0.0474624112,0.0474624112,0.0474624113
384,0.0530403443,0.0530403405,0.0530403443,0.0530403402
385,0.0000000000,0.0000000000,0.0000000000,0.0000000000
386,0.0516489223,0.0516489185,0.0516489185,0.0516489183
387,0.0000000000,0.0000000000,0.0000000000,0.0000000000
388,0.0380459726,0.0380459689,0.0380459726,0.0380459696
389,0.0000000000,0.0000000000,0.0000000000,0.0000000000
390,0.0000000000,0.0000000000,0.0000000000,0.0000000000
391,0.0587003566,0.0587003529,0.0587003566,0.0587003522
392,0.0034803408,0.0034803406,0.0034803408,0.0034803406
393,0.0565952919,0.0565952882,0.0565952882,0.0565952876
394,0.0034545294,0.0034545292,0.0034545294,0.0034545292
395,0.0000000000,0.0000000000,0.0000000000,0.0000000000
396,0.0026762404,0.0026762402,0.0026762402,0.0026762402
397,0.0920703784,0.0920703709,0.0920703784,0.0920703712
398,0.0000000000,0.0000000000,0.0000000000,0.0000000000
399,0.0000000000,0.0000000000,0.0000000000,0.0000000000
400,0.0000000000,0.0000000000,0.0000000000,0.0000000000
401,0.0347380936,0.0347380899,0.0347380936,0.0347380908
402,0.0345593132,0.0345593095,0.0345593132,0.0345593104
403,0.0050312723,0.0050312718,0.0050312718,0.0050312719
404,0.0557179339,0.0557179302,0.0557179339,0.0557179297
405,0.0000463094,0.0000463094,0.0000463094,0.0000463094
406,0.0000018569,0.0000018569,0.0000018569,0.0000018569
407,0.0053342097,0.0053342092,0.0053342097,0.0053342092
408,0.0000000000,0.0000000000,0.0000000000,0.0000000000
409,0.0000000000,0.0000000000,0.0000000000,0.0000000000
410,0.0000000000,0.0000000000,0.0000000000,0.0000000000
411,0.0000000000,0.0000000000,0.0000000000,0.0000000000
412,0.0000000000,0.0000000000,0.0000000000,0.0000000000
413,0.0000132982,0.0000132982,0.0000132982,0.0000132982
414,0.0820008367,0.0820008293,0.0820008367,0.0820008303
415,0.0046559344,0.0046559339,0.0046559339,0.0046559340
416,0.0009692886,0.0009692885,0.0009692886,0.0009692885
417,0.0000000000,0.0000000000,0.0000000000,0.0000000000
418,0.0006566139,0.0006566138,0.0006566139,0.0006566139
419,0.0000000000,0.0000000000,0.0000000000,0.0000000000
420,0.0009732282,0.0009732282,0.0009732282,0.0009732282
421,0.0100518623,0.0100518614,0.0100518614,0.0100518615
422,0.0001641415,0.0001641415,0.0001641415,0.0001641415
423,0.0313792042,0.0313792005,0.0313792042,0.0313792017
424,0.0000446808,0.0000446808,0.0000446808,0.0000446808
425,0.0021899627,0.0021899624,0.0021899627,0.0021899625
426,0.0000000000,0.0000000000,0.0000000000,0.0000000000
427,0.0097880950,0.0097880941,0.0097880950,0.0097880942
428,0.0000000000,0.0000000000,0.0000000000,0.0000000000
429,0.0056692585,0.0056692581,0.0056692585,0.0056692581
430,0.1462864131,0.1462863982,0.1462863982,0.1462864014
431,0.0000000000,0.0000000000,0.0000000000,0.0000000000
432,0.0161176324,0.0161176305,0.0161176324,0.0161176311
433,0.1053564325,0.1053564250,0.1053564325,0.1053564244
434,0.0000000000,0.0000000000,0.0000000000,0.0000000000
435,0.0007182247,0.0007182246,0.0007182247,0.0007182246
436,0.0401625112,0.0401625074,0.0401625112,0.0401625080
437,0.0000000000,0.0000000000,0.0000000000,0.0000000000
438,0.0000563249,0.0000563249,0.0000563249,0.0000563249
439,0.0000012256,0.0000012256,0.0000012256,0.0000012256
440,0.0001910998,0.0001910998,0.0001910998,0.0001910998
441,0.0827630013,0.0827629939,0.0827630013,0.0827629948
442,0.0000019555,0.0000019555,0.0000019555,0.0000019555
443,0.0028835214,0.0028835211,0.0028835214,0.0028835212
444,0.0000000000,0.0000000000,0.0000000000,0.0000000000
445,0.0003985597,0.0003985597,0.0003985597,0.0003985597
446,0.0549074225,0.0549074188,0.0549074225,0.0549074183
447,0.0000000324,0.0000000324,0.0000000324,0.0000000324
448,0.0488099568,0.0488099530,0.0488099530,0.0488099530
449,0.0292341597,0.0292341579,0.0292341597,0.0292341575
450,0.0233326536,0.0233326517,0.0233326517,0.0233326518
451,0.0000000000,0.0000000000,0.0000000000,0.0000000000
452,0.0000162819,0.0000162819,0.0000162819,0.0000162819
453,0.1475749463,0.1475749314,0.1475749463,0.1475749345
454,0.0000000000,0.0000000000,0.0000000000,0.0000000000
455,0.0145295709,0.0145295700,0.0145295709,0.0145295698
456,0.0526104979,0.0526104942,0.0526104942,0.0526104939
457,0.0517439246,0.0517439209,0.0517439209,0.0517439206
458,0.0297004934,0.0297004916,0.0297004934,0.0297004912
459,0.0122690750,0.0122690741,0.0122690750,0.0122690741
460,0.0000000000,0.0000000000,0.0000000000,0.0000000000
461,0.0000000000,0.0000000000,0.0000000000,0.0000000000
462,0.0000000000,0.0000000000,0.0000000000,0.0000000000
463,0.0000000000,0.0000000000,0.0000000000,0.0000000000
464,0.0000682468,0.0000682468,0.0000682468,0.0000682468
465,0.0476616658,0.0476616621,0.0476616658,0.0476616621
466,0.0000000000,0.0000000000,0.0000000000,0.0000000000
467,0.0000000000,0.0000000000,0.0000000000,0.0000000000
468,0.0000002456,0.0000002456,0.0000002456,0.0000002456
469,0.1007062048,0.1007061973,0.1007062048,0.1007061970
470,0.0579012111,0.0579012074,0.0579012111,0.0579012067
471,0.0485163815,0.0485163778,0.0485163815,0.0485163778
472,0.0678083301,0.0678083226,0.0678083301,0.0678083246
473,0.0000000000,0.0000000000,0.0000000000,0.0000000000
474,0.0000024492,0.0000024492,0.0000024492,0.0000024492
475,0.0157609042,0.0157609023,0.0157609042,0.0157609029
476,0.0390773304,0.0390773267,0.0390773304,0.0390773273
477,0.0072742556,0.0072742552,0.0072742552,0.0072742551
478,0.0000000000,0.0000000000,0.0000000000,0.0000000000
479,0.0701913387,0.0701913312,0.0701913387,0.0701913330
480,0.0422873385,0.0422873348,0.0422873385,0.0422873352
481,0.0000000000,0.0000000000,0.0000000000,0.0000000000
482,0.1018495709,0.1018495634,0.1018495709,0.1018495630
483,0.0385280475,0.0385280438,0.0385280438,0.0385280445
484,0.0000000000,0.0000000000,0.0000000000,0.0000000000
485,0.0000000000,0.0000000000,0.0000000000,0.0000000000
486,0.0957283750,0.0957283676,0.0957283676,0.0957283676
487,0.0000000000,0.0000000000,0.0000000000,0.0000000000
488,0.0000000000,0.0000000000,0.0000000000,0.0000000000
489,0.0000000000,0.0000000000,0.0000000000,0.0000000000
490,0.1306219250,0.1306219101,0.1306219250,0.1306219144
491,0.0890586600,0.0890586525,0.0890586600,0.0890586530
492,0.0763797015,0.0763796940,0.0763797015,0.0763796954
493,0.0000000000,0.0000000000,0.0000000000,0.0000000000
494,0.0169178210,0.0169178192,0.0169178210,0.0169178197
495,0.1319093108,0.1319092959,0.1319093108,0.1319093002
496,0.0032340186,0.0032340183,0.0032340183,0.0032340183
497,0.0012908431,0.0012908430,0.0012908431,0.0012908430
498,0.0705890208,0.0705890134,0.0705890208,0.0705890152
499,0.0351480283,0.0351480246,0.0351480283,0.0351480255
500,0.0918424875,0.0918424800,0.0918424875,0.0918424803
501,0.0000004329,0.0000004329,0.0000004329,0.0000004329
502,0.0000212442,0.0000212442,0.0000212442,0.0000212442
503,0.0000000000,0.0000000000,0.0000000000,0.0000000000
504,0.0000000000,0.0000000000,0.0000000000,0.0000000000
505,0.0054781879,0.0054781875,0.0054781879,0.0054781875
506,0.0000000000,0.0000000000,0.0000000000,0.0000000000
507,0.0000000000,0.0000000000,0.0000000000,0.0000000000
508,0.0048179994,0.0048179990,0.0048179990,0.0048179991
509,0.0000000000,0.0000000000,0.0000000000,0.0000000000
510,0.0000000000,0.0000000000,0.0000000000,0.0000000000
511,0.0000010402,0.0000010402,0.0000010402,0.0000010402
